"","vial","cage","treatment","replicate","fecundity","experiment","side","bacteria","cagerep","trt","round"
"1","6-AX-A-A","6","AX","A",10,"A","northeast","b2",2,"b2-northeast","round1"
"2","6-AX-B-A","6","AX","B",13,"A","northeast","b2",2,"b2-northeast","round1"
"3","6-AX-C-A","6","AX","C",12,"A","northeast","b2",2,"b2-northeast","round1"
"4","6-GN-A-A","6","GN","A",7,"A","northeast","b2",2,"b2-northeast","round1"
"5","6-GN-B-A","6","GN","B",19,"A","northeast","b2",2,"b2-northeast","round1"
"6","6-GN-C-A","6","GN","C",54,"A","northeast","b2",2,"b2-northeast","round1"
"7","6-B2-A-A","6","B2","A",40,"A","northeast","b2",2,"b2-northeast","round1"
"8","6-B2-B-A","6","B2","B",32,"A","northeast","b2",2,"b2-northeast","round1"
"9","6-B2-C-A","6","B2","C",1,"A","northeast","b2",2,"b2-northeast","round1"
"10","10-AX-A-A","10","AX","A",14,"A","northeast","aori",2,"aori-northeast","round1"
"11","10-AX-B-A","10","AX","B",7,"A","northeast","aori",2,"aori-northeast","round1"
"12","10-AX-C-A","10","AX","C",12,"A","northeast","aori",2,"aori-northeast","round1"
"13","10-GN-A-A","10","GN","A",14,"A","northeast","aori",2,"aori-northeast","round1"
"14","10-GN-B-A","10","GN","B",0,"A","northeast","aori",2,"aori-northeast","round1"
"15","10-GN-C-A","10","GN","C",17,"A","northeast","aori",2,"aori-northeast","round1"
"16","10-B2-A-A","10","B2","A",0,"A","northeast","aori",2,"aori-northeast","round1"
"17","10-B2-B-A","10","B2","B",11,"A","northeast","aori",2,"aori-northeast","round1"
"18","10-B2-C-A","10","B2","C",10,"A","northeast","aori",2,"aori-northeast","round1"
"19","10-T2-A-A","10","T2","A",51,"A","northeast","aori",2,"aori-northeast","round1"
"20","10-T2-B-A","10","T2","B",43,"A","northeast","aori",2,"aori-northeast","round1"
"21","10-T2-C-A","10","T2","C",64,"A","northeast","aori",2,"aori-northeast","round1"
"22","10-45-A-A","10","45","A",40,"A","northeast","aori",2,"aori-northeast","round1"
"23","10-45-B-A","10","45","B",47,"A","northeast","aori",2,"aori-northeast","round1"
"24","10-45-C-A","10","45","C",46,"A","northeast","aori",2,"aori-northeast","round1"
"25","12-AX-A-A","12","AX","A",22,"A","northeast","aori",3,"aori-northeast","round1"
"26","12-AX-B-A","12","AX","B",27,"A","northeast","aori",3,"aori-northeast","round1"
"27","12-AX-C-A","12","AX","C",0,"A","northeast","aori",3,"aori-northeast","round1"
"28","12-GN-A-A","12","GN","A",4,"A","northeast","aori",3,"aori-northeast","round1"
"29","12-GN-B-A","12","GN","B",8,"A","northeast","aori",3,"aori-northeast","round1"
"30","12-GN-C-A","12","GN","C",0,"A","northeast","aori",3,"aori-northeast","round1"
"31","12-B2-A-A","12","B2","A",1,"A","northeast","aori",3,"aori-northeast","round1"
"32","12-B2-B-A","12","B2","B",19,"A","northeast","aori",3,"aori-northeast","round1"
"33","12-B2-C-A","12","B2","C",0,"A","northeast","aori",3,"aori-northeast","round1"
"34","12-T2-A-A","12","T2","A",28,"A","northeast","aori",3,"aori-northeast","round1"
"35","12-T2-B-A","12","T2","B",5,"A","northeast","aori",3,"aori-northeast","round1"
"36","12-T2-C-A","12","T2","C",5,"A","northeast","aori",3,"aori-northeast","round1"
"37","12-45-A-A","12","45","A",30,"A","northeast","aori",3,"aori-northeast","round1"
"38","12-45-B-A","12","45","B",30,"A","northeast","aori",3,"aori-northeast","round1"
"39","12-45-C-A","12","45","C",30,"A","northeast","aori",3,"aori-northeast","round1"
"40","CS-AX-d-B","CS","AX","D",3,"B",NA,NA,NA,"NA-NA","round1"
"41","CS-45-d-B","CS","45","D",2,"B",NA,NA,NA,"NA-NA","round1"
"42","CS-T2-d-B","CS","T2","D",1,"B",NA,NA,NA,"NA-NA","round1"
"43","CS-B2-d-B","CS","B2","D",1,"B",NA,NA,NA,"NA-NA","round1"
"44","1-AX-d-B","1","AX","D",18,"B","southwest","b2",5,"b2-southwest","round1"
"45","1-GN-d-B","1","GN","D",0,"B","southwest","b2",5,"b2-southwest","round1"
"46","1-GN-e-B","1","GN","E",0,"B","southwest","b2",5,"b2-southwest","round1"
"47","1-GN-f-B","1","GN","F",29,"B","southwest","b2",5,"b2-southwest","round1"
"48","2-GN-d-B","2","GN","D",30,"B","northeast","aori",1,"aori-northeast","round1"
"49","2-GN-e-B","2","GN","E",40,"B","northeast","aori",1,"aori-northeast","round1"
"50","2-GN-f-B","2","GN","F",42,"B","northeast","aori",1,"aori-northeast","round1"
"51","2-45-d-B","2","45","D",32,"B","northeast","aori",1,"aori-northeast","round1"
"52","2-45-e-B","2","45","E",19,"B","northeast","aori",1,"aori-northeast","round1"
"53","2-45-f-B","2","45","F",0,"B","northeast","aori",1,"aori-northeast","round1"
"54","2-T2-d-B","2","T2","D",37,"B","northeast","aori",1,"aori-northeast","round1"
"55","2-T2-e-B","2","T2","E",42,"B","northeast","aori",1,"aori-northeast","round1"
"56","2-T2-f-B","2","T2","F",36,"B","northeast","aori",1,"aori-northeast","round1"
"57","2-B2-d-B","2","B2","D",17,"B","northeast","aori",1,"aori-northeast","round1"
"58","2-B2-e-B","2","B2","E",21,"B","northeast","aori",1,"aori-northeast","round1"
"59","2-B2-f-B","2","B2","F",42,"B","northeast","aori",1,"aori-northeast","round1"
"60","3-AX-d-B","3","AX","D",7,"B","southwest","t2",5,"t2-southwest","round1"
"61","3-GN-d-B","3","GN","D",21,"B","southwest","t2",5,"t2-southwest","round1"
"62","3-GN-e-B","3","GN","E",42,"B","southwest","t2",5,"t2-southwest","round1"
"63","3-GN-f-B","3","GN","F",24,"B","southwest","t2",5,"t2-southwest","round1"
"64","5-AX-d-B","5","AX","D",14,"B","southwest","aori",5,"aori-southwest","round1"
"65","5-GN-d-B","5","GN","D",26,"B","southwest","aori",5,"aori-southwest","round1"
"66","5-GN-e-B","5","GN","E",37,"B","southwest","aori",5,"aori-southwest","round1"
"67","5-GN-f-B","5","GN","F",44,"B","southwest","aori",5,"aori-southwest","round1"
"68","6-GN-d-B","6","GN","D",21,"B","northeast","b2",2,"b2-northeast","round1"
"69","6-GN-e-B","6","GN","E",0,"B","northeast","b2",2,"b2-northeast","round1"
"70","7-AX-d-B","7","AX","D",15,"B","southwest","aori",6,"aori-southwest","round1"
"71","7-AX-e-B","7","AX","E",9,"B","southwest","aori",6,"aori-southwest","round1"
"72","7-AX-f-B","7","AX","F",12,"B","southwest","aori",6,"aori-southwest","round1"
"73","7-GN-d-B","7","GN","D",25,"B","southwest","aori",6,"aori-southwest","round1"
"74","7-45-d-B","7","45","D",37,"B","southwest","aori",6,"aori-southwest","round1"
"75","7-45-e-B","7","45","E",55,"B","southwest","aori",6,"aori-southwest","round1"
"76","7-45-f-B","7","45","F",28,"B","southwest","aori",6,"aori-southwest","round1"
"77","7-T2-d-B","7","T2","D",11,"B","southwest","aori",6,"aori-southwest","round1"
"78","7-B2-d-B","7","B2","D",5,"B","southwest","aori",6,"aori-southwest","round1"
"79","10-AX-d-B","10","AX","D",15,"B","northeast","aori",2,"aori-northeast","round1"
"80","10-GN-d-B","10","GN","D",24,"B","northeast","aori",2,"aori-northeast","round1"
"81","10-45-d-B","10","45","D",28,"B","northeast","aori",2,"aori-northeast","round1"
"82","10-T2-d-B","10","T2","D",26,"B","northeast","aori",2,"aori-northeast","round1"
"83","10-T2-e-B","10","T2","E",1,"B","northeast","aori",2,"aori-northeast","round1"
"84","10-T2-f-B","10","T2","F",28,"B","northeast","aori",2,"aori-northeast","round1"
"85","10-T2-g-B","10","T2","G",34,"B","northeast","aori",2,"aori-northeast","round1"
"86","10-T2-h-B","10","T2","H",19,"B","northeast","aori",2,"aori-northeast","round1"
"87","10-B2-d-B","10","B2","D",40,"B","northeast","aori",2,"aori-northeast","round1"
"88","10-B2-e-B","10","B2","E",0,"B","northeast","aori",2,"aori-northeast","round1"
"89","10-B2-f-B","10","B2","F",0,"B","northeast","aori",2,"aori-northeast","round1"
"90","11-AX-d-B","11","AX","D",19,"B","southwest","b2",6,"b2-southwest","round1"
"91","11-AX-e-B","11","AX","E",20,"B","southwest","b2",6,"b2-southwest","round1"
"92","11-AX-f-B","11","AX","F",2,"B","southwest","b2",6,"b2-southwest","round1"
"93","11-GN-d-B","11","GN","D",4,"B","southwest","b2",6,"b2-southwest","round1"
"94","11-GN-e-B","11","GN","E",34,"B","southwest","b2",6,"b2-southwest","round1"
"95","11-GN-f-B","11","GN","F",28,"B","southwest","b2",6,"b2-southwest","round1"
"96","11-GN-g-B","11","GN","G",27,"B","southwest","b2",6,"b2-southwest","round1"
"97","11-GN-h-B","11","GN","H",16,"B","southwest","b2",6,"b2-southwest","round1"
"98","11-GN-I-B","11","GN","I",26,"B","southwest","b2",6,"b2-southwest","round1"
"99","13-AX-d-B","13","AX","D",8,"B","southwest","t2",7,"t2-southwest","round1"
"100","13-GN-d-B","13","GN","D",65,"B","southwest","t2",7,"t2-southwest","round1"
"101","13-GN-e-B","13","GN","E",27,"B","southwest","t2",7,"t2-southwest","round1"
"102","13-GN-f-B","13","GN","F",27,"B","southwest","t2",7,"t2-southwest","round1"
"103","13-45-d-B","13","45","D",40,"B","southwest","t2",7,"t2-southwest","round1"
"104","13-T2-d-B","13","T2","D",15,"B","southwest","t2",7,"t2-southwest","round1"
"105","13-T2-e-B","13","T2","E",29,"B","southwest","t2",7,"t2-southwest","round1"
"106","13-T2-f-B","13","T2","F",46,"B","southwest","t2",7,"t2-southwest","round1"
"107","NA-NA","4",NA,NA,NA,NA,"northeast","b2",1,"b2-northeast","round1"
"108","NA-NA","8",NA,NA,NA,NA,"northeast","b2",3,"b2-northeast","round1"
"109","NA-NA","9",NA,NA,NA,NA,"southwest","t2",6,"t2-southwest","round1"
"110","NA-NA","14",NA,NA,NA,NA,"northeast","b2",4,"b2-northeast","round1"
"111","NA-NA","15",NA,NA,NA,NA,"southwest","aori",7,"aori-southwest","round1"
"112","1-AX-A-C","1","AX","A",27,"C","southwest","b2",5,"b2-southwest","round2"
"113","1-AX-A-C","1","AX","A",21,"C","southwest","b2",5,"b2-southwest","round2"
"114","1-AX-A-C","1","AX","A",13,"C","southwest","b2",5,"b2-southwest","round2"
"115","1-AX-B-C","1","AX","B",16,"C","southwest","b2",5,"b2-southwest","round2"
"116","1-AX-C-C","1","AX","C",28,"C","southwest","b2",5,"b2-southwest","round2"
"117","1-AX-C-C","1","AX","C",12,"C","southwest","b2",5,"b2-southwest","round2"
"118","1-AX-C-C","1","AX","C",14,"C","southwest","b2",5,"b2-southwest","round2"
"119","1-GN-D-C","1","GN","D",17,"C","southwest","b2",5,"b2-southwest","round2"
"120","1-GN-D-C","1","GN","D",25,"C","southwest","b2",5,"b2-southwest","round2"
"121","1-GN-D-C","1","GN","D",27,"C","southwest","b2",5,"b2-southwest","round2"
"122","1-GN-E-C","1","GN","E",14,"C","southwest","b2",5,"b2-southwest","round2"
"123","1-GN-F-C","1","GN","F",0,"C","southwest","b2",5,"b2-southwest","round2"
"124","1-GN-F-C","1","GN","F",30,"C","southwest","b2",5,"b2-southwest","round2"
"125","2-AX-A-C","2","AX","A",0,"C","northeast","aori",1,"aori-northeast","round2"
"126","2-AX-A-C","2","AX","A",20,"C","northeast","aori",1,"aori-northeast","round2"
"127","2-AX-A-C","2","AX","A",21,"C","northeast","aori",1,"aori-northeast","round2"
"128","2-AX-B-C","2","AX","B",26,"C","northeast","aori",1,"aori-northeast","round2"
"129","2-AX-B-C","2","AX","B",19,"C","northeast","aori",1,"aori-northeast","round2"
"130","2-AX-B-C","2","AX","B",27,"C","northeast","aori",1,"aori-northeast","round2"
"131","2-AX-C-C","2","AX","C",33,"C","northeast","aori",1,"aori-northeast","round2"
"132","2-AX-C-C","2","AX","C",18,"C","northeast","aori",1,"aori-northeast","round2"
"133","2-AX-C-C","2","AX","C",26,"C","northeast","aori",1,"aori-northeast","round2"
"134","2-GN-D-C","2","GN","D",27,"C","northeast","aori",1,"aori-northeast","round2"
"135","2-GN-E-C","2","GN","E",31,"C","northeast","aori",1,"aori-northeast","round2"
"136","2-GN-F-C","2","GN","F",17,"C","northeast","aori",1,"aori-northeast","round2"
"137","3-AX-A-C","3","AX","A",29,"C","southwest","t2",5,"t2-southwest","round2"
"138","3-AX-A-C","3","AX","A",4,"C","southwest","t2",5,"t2-southwest","round2"
"139","3-AX-A-C","3","AX","A",19,"C","southwest","t2",5,"t2-southwest","round2"
"140","3-AX-B-C","3","AX","B",36,"C","southwest","t2",5,"t2-southwest","round2"
"141","3-AX-B-C","3","AX","B",12,"C","southwest","t2",5,"t2-southwest","round2"
"142","3-AX-B-C","3","AX","B",27,"C","southwest","t2",5,"t2-southwest","round2"
"143","3-AX-C-C","3","AX","C",16,"C","southwest","t2",5,"t2-southwest","round2"
"144","3-AX-C-C","3","AX","C",25,"C","southwest","t2",5,"t2-southwest","round2"
"145","3-AX-C-C","3","AX","C",5,"C","southwest","t2",5,"t2-southwest","round2"
"146","3-GN-D-C","3","GN","D",41,"C","southwest","t2",5,"t2-southwest","round2"
"147","3-GN-D-C","3","GN","D",20,"C","southwest","t2",5,"t2-southwest","round2"
"148","3-GN-D-C","3","GN","D",21,"C","southwest","t2",5,"t2-southwest","round2"
"149","3-GN-E-C","3","GN","E",27,"C","southwest","t2",5,"t2-southwest","round2"
"150","3-GN-E-C","3","GN","E",13,"C","southwest","t2",5,"t2-southwest","round2"
"151","3-GN-E-C","3","GN","E",18,"C","southwest","t2",5,"t2-southwest","round2"
"152","3-GN-F-C","3","GN","F",26,"C","southwest","t2",5,"t2-southwest","round2"
"153","3-GN-F-C","3","GN","F",25,"C","southwest","t2",5,"t2-southwest","round2"
"154","3-GN-F-C","3","GN","F",3,"C","southwest","t2",5,"t2-southwest","round2"
"155","4-AX-A-C","4","AX","A",6,"C","northeast","b2",1,"b2-northeast","round2"
"156","4-AX-A-C","4","AX","A",5,"C","northeast","b2",1,"b2-northeast","round2"
"157","4-AX-A-C","4","AX","A",5,"C","northeast","b2",1,"b2-northeast","round2"
"158","4-AX-B-C","4","AX","B",5,"C","northeast","b2",1,"b2-northeast","round2"
"159","4-AX-B-C","4","AX","B",18,"C","northeast","b2",1,"b2-northeast","round2"
"160","4-AX-B-C","4","AX","B",7,"C","northeast","b2",1,"b2-northeast","round2"
"161","4-AX-C-C","4","AX","C",11,"C","northeast","b2",1,"b2-northeast","round2"
"162","4-AX-C-C","4","AX","C",8,"C","northeast","b2",1,"b2-northeast","round2"
"163","4-AX-C-C","4","AX","C",16,"C","northeast","b2",1,"b2-northeast","round2"
"164","4-GN-D-C","4","GN","D",12,"C","northeast","b2",1,"b2-northeast","round2"
"165","4-GN-D-C","4","GN","D",12,"C","northeast","b2",1,"b2-northeast","round2"
"166","4-GN-D-C","4","GN","D",11,"C","northeast","b2",1,"b2-northeast","round2"
"167","4-GN-E-C","4","GN","E",12,"C","northeast","b2",1,"b2-northeast","round2"
"168","4-GN-E-C","4","GN","E",12,"C","northeast","b2",1,"b2-northeast","round2"
"169","4-GN-E-C","4","GN","E",14,"C","northeast","b2",1,"b2-northeast","round2"
"170","5-AX-A-C","5","AX","A",1,"C","southwest","aori",5,"aori-southwest","round2"
"171","5-AX-A-C","5","AX","A",23,"C","southwest","aori",5,"aori-southwest","round2"
"172","5-AX-B-C","5","AX","B",29,"C","southwest","aori",5,"aori-southwest","round2"
"173","5-AX-B-C","5","AX","B",26,"C","southwest","aori",5,"aori-southwest","round2"
"174","5-AX-C-C","5","AX","C",0,"C","southwest","aori",5,"aori-southwest","round2"
"175","5-AX-C-C","5","AX","C",17,"C","southwest","aori",5,"aori-southwest","round2"
"176","5-AX-C-C","5","AX","C",19,"C","southwest","aori",5,"aori-southwest","round2"
"177","5-GN-D-C","5","GN","D",22,"C","southwest","aori",5,"aori-southwest","round2"
"178","5-GN-D-C","5","GN","D",6,"C","southwest","aori",5,"aori-southwest","round2"
"179","5-GN-D-C","5","GN","D",41,"C","southwest","aori",5,"aori-southwest","round2"
"180","5-GN-E-C","5","GN","E",34,"C","southwest","aori",5,"aori-southwest","round2"
"181","5-GN-F-C","5","GN","F",14,"C","southwest","aori",5,"aori-southwest","round2"
"182","5-GN-F-C","5","GN","F",8,"C","southwest","aori",5,"aori-southwest","round2"
"183","5-GN-F-C","5","GN","F",3,"C","southwest","aori",5,"aori-southwest","round2"
"184","6-AX-A-C","6","AX","A",6,"C","northeast","b2",2,"b2-northeast","round2"
"185","6-AX-A-C","6","AX","A",17,"C","northeast","b2",2,"b2-northeast","round2"
"186","6-AX-B-C","6","AX","B",12,"C","northeast","b2",2,"b2-northeast","round2"
"187","6-AX-B-C","6","AX","B",17,"C","northeast","b2",2,"b2-northeast","round2"
"188","6-AX-B-C","6","AX","B",0,"C","northeast","b2",2,"b2-northeast","round2"
"189","6-AX-C-C","6","AX","C",21,"C","northeast","b2",2,"b2-northeast","round2"
"190","6-AX-C-C","6","AX","C",8,"C","northeast","b2",2,"b2-northeast","round2"
"191","6-AX-C-C","6","AX","C",15,"C","northeast","b2",2,"b2-northeast","round2"
"192","6-GN-D-C","6","GN","D",61,"C","northeast","b2",2,"b2-northeast","round2"
"193","6-GN-E-C","6","GN","E",32,"C","northeast","b2",2,"b2-northeast","round2"
"194","6-GN-E-C","6","GN","E",18,"C","northeast","b2",2,"b2-northeast","round2"
"195","6-GN-E-C","6","GN","E",37,"C","northeast","b2",2,"b2-northeast","round2"
"196","6-GN-F-C","6","GN","F",9,"C","northeast","b2",2,"b2-northeast","round2"
"197","7-AX-A-C","7","AX","A",17,"C","southwest","aori",6,"aori-southwest","round2"
"198","7-AX-A-C","7","AX","A",4,"C","southwest","aori",6,"aori-southwest","round2"
"199","7-AX-A-C","7","AX","A",22,"C","southwest","aori",6,"aori-southwest","round2"
"200","7-AX-B-C","7","AX","B",23,"C","southwest","aori",6,"aori-southwest","round2"
"201","7-AX-B-C","7","AX","B",0,"C","southwest","aori",6,"aori-southwest","round2"
"202","7-AX-B-C","7","AX","B",3,"C","southwest","aori",6,"aori-southwest","round2"
"203","7-AX-C-C","7","AX","C",31,"C","southwest","aori",6,"aori-southwest","round2"
"204","7-AX-C-C","7","AX","C",8,"C","southwest","aori",6,"aori-southwest","round2"
"205","7-AX-C-C","7","AX","C",14,"C","southwest","aori",6,"aori-southwest","round2"
"206","7-GN-D-C","7","GN","D",15,"C","southwest","aori",6,"aori-southwest","round2"
"207","7-GN-F-C","7","GN","F",1,"C","southwest","aori",6,"aori-southwest","round2"
"208","7-GN-F-C","7","GN","F",12,"C","southwest","aori",6,"aori-southwest","round2"
"209","7-GN-F-C","7","GN","F",22,"C","southwest","aori",6,"aori-southwest","round2"
"210","8-AX-A-C","8","AX","A",15,"C","northeast","b2",3,"b2-northeast","round2"
"211","8-AX-B-C","8","AX","B",28,"C","northeast","b2",3,"b2-northeast","round2"
"212","8-AX-C-C","8","AX","C",14,"C","northeast","b2",3,"b2-northeast","round2"
"213","8-AX-C-C","8","AX","C",10,"C","northeast","b2",3,"b2-northeast","round2"
"214","8-AX-C-C","8","AX","C",5,"C","northeast","b2",3,"b2-northeast","round2"
"215","8-GN-D-C","8","GN","D",19,"C","northeast","b2",3,"b2-northeast","round2"
"216","8-GN-E-C","8","GN","E",23,"C","northeast","b2",3,"b2-northeast","round2"
"217","8-GN-E-C","8","GN","E",37,"C","northeast","b2",3,"b2-northeast","round2"
"218","8-GN-E-C","8","GN","E",24,"C","northeast","b2",3,"b2-northeast","round2"
"219","8-GN-F-C","8","GN","F",26,"C","northeast","b2",3,"b2-northeast","round2"
"220","8-GN-F-C","8","GN","F",23,"C","northeast","b2",3,"b2-northeast","round2"
"221","8-GN-F-C","8","GN","F",29,"C","northeast","b2",3,"b2-northeast","round2"
"222","9-AX-A-C","9","AX","A",9,"C","southwest","t2",6,"t2-southwest","round2"
"223","9-AX-A-C","9","AX","A",21,"C","southwest","t2",6,"t2-southwest","round2"
"224","9-AX-A-C","9","AX","A",17,"C","southwest","t2",6,"t2-southwest","round2"
"225","9-AX-B-C","9","AX","B",10,"C","southwest","t2",6,"t2-southwest","round2"
"226","9-AX-B-C","9","AX","B",10,"C","southwest","t2",6,"t2-southwest","round2"
"227","9-AX-B-C","9","AX","B",16,"C","southwest","t2",6,"t2-southwest","round2"
"228","9-AX-C-C","9","AX","C",14,"C","southwest","t2",6,"t2-southwest","round2"
"229","9-AX-C-C","9","AX","C",1,"C","southwest","t2",6,"t2-southwest","round2"
"230","9-AX-C-C","9","AX","C",0,"C","southwest","t2",6,"t2-southwest","round2"
"231","9-GN-D-C","9","GN","D",9,"C","southwest","t2",6,"t2-southwest","round2"
"232","9-GN-E-C","9","GN","E",15,"C","southwest","t2",6,"t2-southwest","round2"
"233","9-GN-E-C","9","GN","E",58,"C","southwest","t2",6,"t2-southwest","round2"
"234","9-GN-F-C","9","GN","F",8,"C","southwest","t2",6,"t2-southwest","round2"
"235","9-GN-F-C","9","GN","F",17,"C","southwest","t2",6,"t2-southwest","round2"
"236","9-GN-F-C","9","GN","F",19,"C","southwest","t2",6,"t2-southwest","round2"
"237","9-GN-F-C","9","GN","F",0,"C","southwest","t2",6,"t2-southwest","round2"
"238","9-GN-F-C","9","GN","F",20,"C","southwest","t2",6,"t2-southwest","round2"
"239","9-GN-F-C","9","GN","F",26,"C","southwest","t2",6,"t2-southwest","round2"
"240","10-AX-A-C","10","AX","A",22,"C","northeast","aori",2,"aori-northeast","round2"
"241","10-AX-A-C","10","AX","A",23,"C","northeast","aori",2,"aori-northeast","round2"
"242","10-AX-A-C","10","AX","A",0,"C","northeast","aori",2,"aori-northeast","round2"
"243","10-AX-B-C","10","AX","B",0,"C","northeast","aori",2,"aori-northeast","round2"
"244","10-AX-B-C","10","AX","B",16,"C","northeast","aori",2,"aori-northeast","round2"
"245","10-AX-B-C","10","AX","B",5,"C","northeast","aori",2,"aori-northeast","round2"
"246","10-AX-C-C","10","AX","C",29,"C","northeast","aori",2,"aori-northeast","round2"
"247","10-GN-D-C","10","GN","D",35,"C","northeast","aori",2,"aori-northeast","round2"
"248","10-GN-D-C","10","GN","D",29,"C","northeast","aori",2,"aori-northeast","round2"
"249","10-GN-D-C","10","GN","D",23,"C","northeast","aori",2,"aori-northeast","round2"
"250","10-GN-D-C","10","GN","D",28,"C","northeast","aori",2,"aori-northeast","round2"
"251","10-GN-D-C","10","GN","D",31,"C","northeast","aori",2,"aori-northeast","round2"
"252","10-GN-E-C","10","GN","E",14,"C","northeast","aori",2,"aori-northeast","round2"
"253","10-GN-F-C","10","GN","F",17,"C","northeast","aori",2,"aori-northeast","round2"
"254","11-AX-B-C","11","AX","B",13,"C","southwest","b2",6,"b2-southwest","round2"
"255","11-AX-B-C","11","AX","B",0,"C","southwest","b2",6,"b2-southwest","round2"
"256","11-AX-B-C","11","AX","B",15,"C","southwest","b2",6,"b2-southwest","round2"
"257","11-AX-B-C","11","AX","B",24,"C","southwest","b2",6,"b2-southwest","round2"
"258","11-AX-C-C","11","AX","C",20,"C","southwest","b2",6,"b2-southwest","round2"
"259","11-AX-C-C","11","AX","C",12,"C","southwest","b2",6,"b2-southwest","round2"
"260","11-AX-C-C","11","AX","C",12,"C","southwest","b2",6,"b2-southwest","round2"
"261","11-AX-C-C","11","AX","C",3,"C","southwest","b2",6,"b2-southwest","round2"
"262","11-AX-C-C","11","AX","C",0,"C","southwest","b2",6,"b2-southwest","round2"
"263","11-GN-D-C","11","GN","D",16,"C","southwest","b2",6,"b2-southwest","round2"
"264","11-GN-D-C","11","GN","D",0,"C","southwest","b2",6,"b2-southwest","round2"
"265","11-GN-D-C","11","GN","D",34,"C","southwest","b2",6,"b2-southwest","round2"
"266","11-GN-E-C","11","GN","E",23,"C","southwest","b2",6,"b2-southwest","round2"
"267","11-GN-E-C","11","GN","E",15,"C","southwest","b2",6,"b2-southwest","round2"
"268","11-GN-E-C","11","GN","E",15,"C","southwest","b2",6,"b2-southwest","round2"
"269","11-GN-F-C","11","GN","F",25,"C","southwest","b2",6,"b2-southwest","round2"
"270","11-GN-F-C","11","GN","F",0,"C","southwest","b2",6,"b2-southwest","round2"
"271","11-GN-F-C","11","GN","F",13,"C","southwest","b2",6,"b2-southwest","round2"
"272","12-AX-A-C","12","AX","A",14,"C","northeast","aori",3,"aori-northeast","round2"
"273","12-AX-A-C","12","AX","A",14,"C","northeast","aori",3,"aori-northeast","round2"
"274","12-AX-A-C","12","AX","A",11,"C","northeast","aori",3,"aori-northeast","round2"
"275","12-AX-B-C","12","AX","B",8,"C","northeast","aori",3,"aori-northeast","round2"
"276","12-AX-B-C","12","AX","B",27,"C","northeast","aori",3,"aori-northeast","round2"
"277","12-AX-B-C","12","AX","B",11,"C","northeast","aori",3,"aori-northeast","round2"
"278","12-AX-C-C","12","AX","C",10,"C","northeast","aori",3,"aori-northeast","round2"
"279","12-AX-C-C","12","AX","C",1,"C","northeast","aori",3,"aori-northeast","round2"
"280","12-AX-C-C","12","AX","C",0,"C","northeast","aori",3,"aori-northeast","round2"
"281","12-GN-D-C","12","GN","D",16,"C","northeast","aori",3,"aori-northeast","round2"
"282","12-GN-D-C","12","GN","D",25,"C","northeast","aori",3,"aori-northeast","round2"
"283","12-GN-D-C","12","GN","D",18,"C","northeast","aori",3,"aori-northeast","round2"
"284","12-GN-E-C","12","GN","E",2,"C","northeast","aori",3,"aori-northeast","round2"
"285","12-GN-E-C","12","GN","E",4,"C","northeast","aori",3,"aori-northeast","round2"
"286","12-GN-E-C","12","GN","E",17,"C","northeast","aori",3,"aori-northeast","round2"
"287","12-GN-F-C","12","GN","F",10,"C","northeast","aori",3,"aori-northeast","round2"
"288","12-GN-F-C","12","GN","F",21,"C","northeast","aori",3,"aori-northeast","round2"
"289","12-GN-F-C","12","GN","F",8,"C","northeast","aori",3,"aori-northeast","round2"
"290","13-AX-A-C","13","AX","A",4,"C","southwest","t2",7,"t2-southwest","round2"
"291","13-AX-B-C","13","AX","B",10,"C","southwest","t2",7,"t2-southwest","round2"
"292","13-AX-B-C","13","AX","B",25,"C","southwest","t2",7,"t2-southwest","round2"
"293","13-AX-B-C","13","AX","B",24,"C","southwest","t2",7,"t2-southwest","round2"
"294","13-AX-B-C","13","AX","B",10,"C","southwest","t2",7,"t2-southwest","round2"
"295","13-AX-B-C","13","AX","B",27,"C","southwest","t2",7,"t2-southwest","round2"
"296","13-AX-C-C","13","AX","C",24,"C","southwest","t2",7,"t2-southwest","round2"
"297","13-GN-D-C","13","GN","D",33,"C","southwest","t2",7,"t2-southwest","round2"
"298","14-AX-A-C","14","AX","A",0,"C","northeast","b2",4,"b2-northeast","round2"
"299","14-AX-A-C","14","AX","A",11,"C","northeast","b2",4,"b2-northeast","round2"
"300","14-AX-A-C","14","AX","A",0,"C","northeast","b2",4,"b2-northeast","round2"
"301","14-AX-B-C","14","AX","B",5,"C","northeast","b2",4,"b2-northeast","round2"
"302","14-AX-B-C","14","AX","B",10,"C","northeast","b2",4,"b2-northeast","round2"
"303","14-AX-B-C","14","AX","B",7,"C","northeast","b2",4,"b2-northeast","round2"
"304","14-AX-C-C","14","AX","C",0,"C","northeast","b2",4,"b2-northeast","round2"
"305","14-GN-D-C","14","GN","D",13,"C","northeast","b2",4,"b2-northeast","round2"
"306","14-GN-D-C","14","GN","D",13,"C","northeast","b2",4,"b2-northeast","round2"
"307","14-GN-D-C","14","GN","D",10,"C","northeast","b2",4,"b2-northeast","round2"
"308","14-GN-E-C","14","GN","E",22,"C","northeast","b2",4,"b2-northeast","round2"
"309","14-GN-E-C","14","GN","E",13,"C","northeast","b2",4,"b2-northeast","round2"
"310","14-GN-E-C","14","GN","E",25,"C","northeast","b2",4,"b2-northeast","round2"
"311","14-GN-F-C","14","GN","F",0,"C","northeast","b2",4,"b2-northeast","round2"
"312","14-GN-F-C","14","GN","F",0,"C","northeast","b2",4,"b2-northeast","round2"
"313","14-GN-F-C","14","GN","F",4,"C","northeast","b2",4,"b2-northeast","round2"
"314","15-AX-B-C","15","AX","B",17,"C","southwest","aori",7,"aori-southwest","round2"
"315","15-AX-B-C","15","AX","B",11,"C","southwest","aori",7,"aori-southwest","round2"
"316","15-AX-B-C","15","AX","B",5,"C","southwest","aori",7,"aori-southwest","round2"
"317","15-AX-C-C","15","AX","C",14,"C","southwest","aori",7,"aori-southwest","round2"
"318","15-GN-D-C","15","GN","D",38,"C","southwest","aori",7,"aori-southwest","round2"
"319","15-GN-D-C","15","GN","D",17,"C","southwest","aori",7,"aori-southwest","round2"
"320","15-GN-D-C","15","GN","D",16,"C","southwest","aori",7,"aori-southwest","round2"
"321","15-GN-E-C","15","GN","E",11,"C","southwest","aori",7,"aori-southwest","round2"
"322","15-GN-E-C","15","GN","E",13,"C","southwest","aori",7,"aori-southwest","round2"
"323","15-GN-E-C","15","GN","E",0,"C","southwest","aori",7,"aori-southwest","round2"
"324","15-GN-F-C","15","GN","F",14,"C","southwest","aori",7,"aori-southwest","round2"
"325","1-AX-A-D","1","AX","A",0,"D","southwest","b2",5,"b2-southwest","round2"
"326","1-AX-B-D","1","AX","B",16,"D","southwest","b2",5,"b2-southwest","round2"
"327","1-AX-C-D","1","AX","C",1,"D","southwest","b2",5,"b2-southwest","round2"
"328","1-GN-D-D","1","GN","D",10,"D","southwest","b2",5,"b2-southwest","round2"
"329","1-GN-E-D","1","GN","E",53,"D","southwest","b2",5,"b2-southwest","round2"
"330","1-GN-F-D","1","GN","F",9,"D","southwest","b2",5,"b2-southwest","round2"
"331","2-AX-A-D","2","AX","A",16,"D","northeast","aori",1,"aori-northeast","round2"
"332","2-AX-B-D","2","AX","B",13,"D","northeast","aori",1,"aori-northeast","round2"
"333","2-AX-C-D","2","AX","C",12,"D","northeast","aori",1,"aori-northeast","round2"
"334","2-GN-D-D","2","GN","D",14,"D","northeast","aori",1,"aori-northeast","round2"
"335","2-GN-E-D","2","GN","E",35,"D","northeast","aori",1,"aori-northeast","round2"
"336","2-GN-F-D","2","GN","F",2,"D","northeast","aori",1,"aori-northeast","round2"
"337","3-AX-A-D","3","AX","A",18,"D","southwest","t2",5,"t2-southwest","round2"
"338","3-AX-B-D","3","AX","B",3,"D","southwest","t2",5,"t2-southwest","round2"
"339","3-AX-C-D","3","AX","C",11,"D","southwest","t2",5,"t2-southwest","round2"
"340","3-GN-D-D","3","GN","D",15,"D","southwest","t2",5,"t2-southwest","round2"
"341","3-GN-E-D","3","GN","E",9,"D","southwest","t2",5,"t2-southwest","round2"
"342","3-GN-F-D","3","GN","F",15,"D","southwest","t2",5,"t2-southwest","round2"
"343","4-AX-A-D","4","AX","A",28,"D","northeast","b2",1,"b2-northeast","round2"
"344","4-AX-B-D","4","AX","B",0,"D","northeast","b2",1,"b2-northeast","round2"
"345","4-AX-C-D","4","AX","C",7,"D","northeast","b2",1,"b2-northeast","round2"
"346","4-GN-D-D","4","GN","D",18,"D","northeast","b2",1,"b2-northeast","round2"
"347","4-GN-E-D","4","GN","E",20,"D","northeast","b2",1,"b2-northeast","round2"
"348","4-GN-F-D","4","GN","F",98,"D","northeast","b2",1,"b2-northeast","round2"
"349","5-AX-A-D","5","AX","A",22,"D","southwest","aori",5,"aori-southwest","round2"
"350","5-AX-B-D","5","AX","B",22,"D","southwest","aori",5,"aori-southwest","round2"
"351","5-AX-C-D","5","AX","C",5,"D","southwest","aori",5,"aori-southwest","round2"
"352","5-GN-D-D","5","GN","D",1,"D","southwest","aori",5,"aori-southwest","round2"
"353","5-GN-E-D","5","GN","E",0,"D","southwest","aori",5,"aori-southwest","round2"
"354","5-GN-F-D","5","GN","F",36,"D","southwest","aori",5,"aori-southwest","round2"
"355","6-AX-A-D","6","AX","A",30,"D","northeast","b2",2,"b2-northeast","round2"
"356","6-AX-B-D","6","AX","B",35,"D","northeast","b2",2,"b2-northeast","round2"
"357","6-AX-C-D","6","AX","C",1,"D","northeast","b2",2,"b2-northeast","round2"
"358","6-GN-D-D","6","GN","D",0,"D","northeast","b2",2,"b2-northeast","round2"
"359","6-GN-E-D","6","GN","E",30,"D","northeast","b2",2,"b2-northeast","round2"
"360","6-GN-F-D","6","GN","F",35,"D","northeast","b2",2,"b2-northeast","round2"
"361","7-AX-A-D","7","AX","A",12,"D","southwest","aori",6,"aori-southwest","round2"
"362","7-AX-B-D","7","AX","B",22,"D","southwest","aori",6,"aori-southwest","round2"
"363","7-AX-C-D","7","AX","C",22,"D","southwest","aori",6,"aori-southwest","round2"
"364","7-GN-D-D","7","GN","D",41,"D","southwest","aori",6,"aori-southwest","round2"
"365","7-GN-E-D","7","GN","E",41,"D","southwest","aori",6,"aori-southwest","round2"
"366","7-GN-F-D","7","GN","F",34,"D","southwest","aori",6,"aori-southwest","round2"
"367","8-AX-A-D","8","AX","A",10,"D","northeast","b2",3,"b2-northeast","round2"
"368","8-AX-B-D","8","AX","B",12,"D","northeast","b2",3,"b2-northeast","round2"
"369","8-AX-C-D","8","AX","C",12,"D","northeast","b2",3,"b2-northeast","round2"
"370","8-GN-D-D","8","GN","D",23,"D","northeast","b2",3,"b2-northeast","round2"
"371","8-GN-E-D","8","GN","E",15,"D","northeast","b2",3,"b2-northeast","round2"
"372","8-GN-F-D","8","GN","F",23,"D","northeast","b2",3,"b2-northeast","round2"
"373","9-AX-A-D","9","AX","A",24,"D","southwest","t2",6,"t2-southwest","round2"
"374","9-AX-B-D","9","AX","B",25,"D","southwest","t2",6,"t2-southwest","round2"
"375","9-AX-C-D","9","AX","C",17,"D","southwest","t2",6,"t2-southwest","round2"
"376","9-GN-D-D","9","GN","D",20,"D","southwest","t2",6,"t2-southwest","round2"
"377","9-GN-E-D","9","GN","E",11,"D","southwest","t2",6,"t2-southwest","round2"
"378","9-GN-F-D","9","GN","F",11,"D","southwest","t2",6,"t2-southwest","round2"
"379","10-AX-A-D","10","AX","A",27,"D","northeast","aori",2,"aori-northeast","round2"
"380","10-AX-B-D","10","AX","B",5,"D","northeast","aori",2,"aori-northeast","round2"
"381","10-AX-C-D","10","AX","C",24,"D","northeast","aori",2,"aori-northeast","round2"
"382","10-GN-D-D","10","GN","D",38,"D","northeast","aori",2,"aori-northeast","round2"
"383","10-GN-E-D","10","GN","E",23,"D","northeast","aori",2,"aori-northeast","round2"
"384","10-GN-F-D","10","GN","F",29,"D","northeast","aori",2,"aori-northeast","round2"
"385","11-AX-A-D","11","AX","A",10,"D","southwest","b2",6,"b2-southwest","round2"
"386","11-AX-B-D","11","AX","B",16,"D","southwest","b2",6,"b2-southwest","round2"
"387","11-AX-C-D","11","AX","C",28,"D","southwest","b2",6,"b2-southwest","round2"
"388","11-GN-D-D","11","GN","D",3,"D","southwest","b2",6,"b2-southwest","round2"
"389","11-GN-E-D","11","GN","E",28,"D","southwest","b2",6,"b2-southwest","round2"
"390","11-GN-F-D","11","GN","F",1,"D","southwest","b2",6,"b2-southwest","round2"
"391","12-AX-A-D","12","AX","A",8,"D","northeast","aori",3,"aori-northeast","round2"
"392","12-AX-B-D","12","AX","B",34,"D","northeast","aori",3,"aori-northeast","round2"
"393","12-AX-C-D","12","AX","C",0,"D","northeast","aori",3,"aori-northeast","round2"
"394","12-GN-D-D","12","GN","D",24,"D","northeast","aori",3,"aori-northeast","round2"
"395","12-GN-E-D","12","GN","E",30,"D","northeast","aori",3,"aori-northeast","round2"
"396","12-GN-F-D","12","GN","F",13,"D","northeast","aori",3,"aori-northeast","round2"
"397","13-AX-A-D","13","AX","A",8,"D","southwest","t2",7,"t2-southwest","round2"
"398","13-AX-B-D","13","AX","B",13,"D","southwest","t2",7,"t2-southwest","round2"
"399","13-AX-C-D","13","AX","C",5,"D","southwest","t2",7,"t2-southwest","round2"
"400","13-GN-D-D","13","GN","D",32,"D","southwest","t2",7,"t2-southwest","round2"
"401","13-GN-E-D","13","GN","E",21,"D","southwest","t2",7,"t2-southwest","round2"
"402","13-GN-F-D","13","GN","F",9,"D","southwest","t2",7,"t2-southwest","round2"
"403","14-AX-A-D","14","AX","A",25,"D","northeast","b2",4,"b2-northeast","round2"
"404","14-AX-B-D","14","AX","B",1,"D","northeast","b2",4,"b2-northeast","round2"
"405","14-AX-C-D","14","AX","C",19,"D","northeast","b2",4,"b2-northeast","round2"
"406","14-GN-D-D","14","GN","D",15,"D","northeast","b2",4,"b2-northeast","round2"
"407","14-GN-E-D","14","GN","E",21,"D","northeast","b2",4,"b2-northeast","round2"
"408","14-GN-F-D","14","GN","F",28,"D","northeast","b2",4,"b2-northeast","round2"
"409","15-AX-A-D","15","AX","A",22,"D","southwest","aori",7,"aori-southwest","round2"
"410","15-AX-B-D","15","AX","B",17,"D","southwest","aori",7,"aori-southwest","round2"
"411","15-AX-C-D","15","AX","C",NA,"D","southwest","aori",7,"aori-southwest","round2"
"412","15-GN-D-D","15","GN","D",12,"D","southwest","aori",7,"aori-southwest","round2"
"413","15-GN-E-D","15","GN","E",0,"D","southwest","aori",7,"aori-southwest","round2"
"414","15-GN-F-D","15","GN","F",0,"D","southwest","aori",7,"aori-southwest","round2"
"415","1-AX-A-E","1","AX","A",39,"E","southwest","b2",5,"b2-southwest","round2"
"416","1-AX-B-E","1","AX","B",8,"E","southwest","b2",5,"b2-southwest","round2"
"417","1-AX-C-E","1","AX","C",28,"E","southwest","b2",5,"b2-southwest","round2"
"418","1-GN-D-E","1","GN","D",32,"E","southwest","b2",5,"b2-southwest","round2"
"419","1-GN-E-E","1","GN","E",27,"E","southwest","b2",5,"b2-southwest","round2"
"420","1-GN-F-E","1","GN","F",40,"E","southwest","b2",5,"b2-southwest","round2"
"421","2-AX-A-E","2","AX","A",29,"E","northeast","aori",1,"aori-northeast","round2"
"422","2-AX-B-E","2","AX","B",0,"E","northeast","aori",1,"aori-northeast","round2"
"423","2-AX-C-E","2","AX","C",16,"E","northeast","aori",1,"aori-northeast","round2"
"424","2-GN-D-E","2","GN","D",55,"E","northeast","aori",1,"aori-northeast","round2"
"425","2-GN-E-E","2","GN","E",0,"E","northeast","aori",1,"aori-northeast","round2"
"426","2-GN-F-E","2","GN","F",22,"E","northeast","aori",1,"aori-northeast","round2"
"427","3-AX-A-E","3","AX","A",23,"E","southwest","t2",5,"t2-southwest","round2"
"428","3-AX-B-E","3","AX","B",22,"E","southwest","t2",5,"t2-southwest","round2"
"429","3-AX-C-E","3","AX","C",30,"E","southwest","t2",5,"t2-southwest","round2"
"430","3-GN-D-E","3","GN","D",49,"E","southwest","t2",5,"t2-southwest","round2"
"431","3-GN-E-E","3","GN","E",43,"E","southwest","t2",5,"t2-southwest","round2"
"432","3-GN-F-E","3","GN","F",36,"E","southwest","t2",5,"t2-southwest","round2"
"433","4-AX-A-E","4","AX","A",29,"E","northeast","b2",1,"b2-northeast","round2"
"434","4-AX-B-E","4","AX","B",31,"E","northeast","b2",1,"b2-northeast","round2"
"435","4-AX-C-E","4","AX","C",27,"E","northeast","b2",1,"b2-northeast","round2"
"436","4-GN-D-E","4","GN","D",30,"E","northeast","b2",1,"b2-northeast","round2"
"437","4-GN-E-E","4","GN","E",0,"E","northeast","b2",1,"b2-northeast","round2"
"438","4-GN-F-E","4","GN","F",40,"E","northeast","b2",1,"b2-northeast","round2"
"439","5-AX-A-E","5","AX","A",5,"E","southwest","aori",5,"aori-southwest","round2"
"440","5-AX-B-E","5","AX","B",23,"E","southwest","aori",5,"aori-southwest","round2"
"441","5-AX-C-E","5","AX","C",8,"E","southwest","aori",5,"aori-southwest","round2"
"442","5-GN-D-E","5","GN","D",43,"E","southwest","aori",5,"aori-southwest","round2"
"443","5-GN-E-E","5","GN","E",16,"E","southwest","aori",5,"aori-southwest","round2"
"444","5-GN-F-E","5","GN","F",26,"E","southwest","aori",5,"aori-southwest","round2"
"445","6-AX-A-E","6","AX","A",7,"E","northeast","b2",2,"b2-northeast","round2"
"446","6-AX-B-E","6","AX","B",39,"E","northeast","b2",2,"b2-northeast","round2"
"447","6-AX-C-E","6","AX","C",6,"E","northeast","b2",2,"b2-northeast","round2"
"448","6-GN-D-E","6","GN","D",26,"E","northeast","b2",2,"b2-northeast","round2"
"449","6-GN-E-E","6","GN","E",44,"E","northeast","b2",2,"b2-northeast","round2"
"450","6-GN-F-E","6","GN","F",2,"E","northeast","b2",2,"b2-northeast","round2"
"451","7-AX-A-E","7","AX","A",9,"E","southwest","aori",6,"aori-southwest","round2"
"452","7-AX-B-E","7","AX","B",22,"E","southwest","aori",6,"aori-southwest","round2"
"453","7-AX-C-E","7","AX","C",13,"E","southwest","aori",6,"aori-southwest","round2"
"454","7-GN-D-E","7","GN","D",17,"E","southwest","aori",6,"aori-southwest","round2"
"455","7-GN-E-E","7","GN","E",22,"E","southwest","aori",6,"aori-southwest","round2"
"456","7-GN-F-E","7","GN","F",39,"E","southwest","aori",6,"aori-southwest","round2"
"457","8-AX-A-E","8","AX","A",8,"E","northeast","b2",3,"b2-northeast","round2"
"458","8-AX-B-E","8","AX","B",22,"E","northeast","b2",3,"b2-northeast","round2"
"459","8-AX-C-E","8","AX","C",23,"E","northeast","b2",3,"b2-northeast","round2"
"460","8-GN-D-E","8","GN","D",57,"E","northeast","b2",3,"b2-northeast","round2"
"461","8-GN-E-E","8","GN","E",50,"E","northeast","b2",3,"b2-northeast","round2"
"462","8-GN-F-E","8","GN","F",23,"E","northeast","b2",3,"b2-northeast","round2"
"463","9-AX-A-E","9","AX","A",17,"E","southwest","t2",6,"t2-southwest","round2"
"464","9-AX-B-E","9","AX","B",13,"E","southwest","t2",6,"t2-southwest","round2"
"465","9-AX-C-E","9","AX","C",1,"E","southwest","t2",6,"t2-southwest","round2"
"466","9-GN-D-E","9","GN","D",33,"E","southwest","t2",6,"t2-southwest","round2"
"467","9-GN-E-E","9","GN","E",24,"E","southwest","t2",6,"t2-southwest","round2"
"468","9-GN-F-E","9","GN","F",41,"E","southwest","t2",6,"t2-southwest","round2"
"469","10-AX-A-E","10","AX","A",0,"E","northeast","aori",2,"aori-northeast","round2"
"470","10-AX-B-E","10","AX","B",0,"E","northeast","aori",2,"aori-northeast","round2"
"471","10-AX-C-E","10","AX","C",0,"E","northeast","aori",2,"aori-northeast","round2"
"472","10-GN-D-E","10","GN","D",0,"E","northeast","aori",2,"aori-northeast","round2"
"473","10-GN-E-E","10","GN","E",14,"E","northeast","aori",2,"aori-northeast","round2"
"474","10-GN-F-E","10","GN","F",0,"E","northeast","aori",2,"aori-northeast","round2"
"475","11-AX-A-E","11","AX","A",17,"E","southwest","b2",6,"b2-southwest","round2"
"476","11-AX-B-E","11","AX","B",28,"E","southwest","b2",6,"b2-southwest","round2"
"477","11-AX-C-E","11","AX","C",0,"E","southwest","b2",6,"b2-southwest","round2"
"478","11-GN-D-E","11","GN","D",26,"E","southwest","b2",6,"b2-southwest","round2"
"479","11-GN-E-E","11","GN","E",21,"E","southwest","b2",6,"b2-southwest","round2"
"480","11-GN-F-E","11","GN","F",36,"E","southwest","b2",6,"b2-southwest","round2"
"481","12-AX-A-E","12","AX","A",12,"E","northeast","aori",3,"aori-northeast","round2"
"482","12-AX-B-E","12","AX","B",0,"E","northeast","aori",3,"aori-northeast","round2"
"483","12-AX-C-E","12","AX","C",29,"E","northeast","aori",3,"aori-northeast","round2"
"484","12-GN-D-E","12","GN","D",26,"E","northeast","aori",3,"aori-northeast","round2"
"485","12-GN-E-E","12","GN","E",26,"E","northeast","aori",3,"aori-northeast","round2"
"486","12-GN-F-E","12","GN","F",30,"E","northeast","aori",3,"aori-northeast","round2"
"487","13-AX-A-E","13","AX","A",19,"E","southwest","t2",7,"t2-southwest","round2"
"488","13-AX-B-E","13","AX","B",2,"E","southwest","t2",7,"t2-southwest","round2"
"489","13-AX-C-E","13","AX","C",20,"E","southwest","t2",7,"t2-southwest","round2"
"490","13-GN-D-E","13","GN","D",24,"E","southwest","t2",7,"t2-southwest","round2"
"491","13-GN-E-E","13","GN","E",33,"E","southwest","t2",7,"t2-southwest","round2"
"492","13-GN-F-E","13","GN","F",60,"E","southwest","t2",7,"t2-southwest","round2"
"493","14-AX-A-E","14","AX","A",21,"E","northeast","b2",4,"b2-northeast","round2"
"494","14-AX-B-E","14","AX","B",37,"E","northeast","b2",4,"b2-northeast","round2"
"495","14-AX-C-E","14","AX","C",21,"E","northeast","b2",4,"b2-northeast","round2"
"496","14-GN-D-E","14","GN","D",38,"E","northeast","b2",4,"b2-northeast","round2"
"497","14-GN-E-E","14","GN","E",31,"E","northeast","b2",4,"b2-northeast","round2"
"498","14-GN-F-E","14","GN","F",77,"E","northeast","b2",4,"b2-northeast","round2"
"499","15-AX-A-E","15","AX","A",13,"E","southwest","aori",7,"aori-southwest","round2"
"500","15-AX-B-E","15","AX","B",46,"E","southwest","aori",7,"aori-southwest","round2"
"501","15-AX-C-E","15","AX","C",18,"E","southwest","aori",7,"aori-southwest","round2"
"502","15-GN-D-E","15","GN","D",0,"E","southwest","aori",7,"aori-southwest","round2"
"503","15-GN-E-E","15","GN","E",16,"E","southwest","aori",7,"aori-southwest","round2"
"504","15-GN-F-E","15","GN","F",31,"E","southwest","aori",7,"aori-southwest","round2"
"505","1-AX-A-F","1","AX","A",5,"F","southwest","b2",5,"b2-southwest","round4"
"506","1-AX-B-F","1","AX","B",7,"F","southwest","b2",5,"b2-southwest","round4"
"507","1-AX-C-F","1","AX","C",1,"F","southwest","b2",5,"b2-southwest","round4"
"508","1-GN-D-F","1","GN","D",11,"F","southwest","b2",5,"b2-southwest","round4"
"509","1-GN-E-F","1","GN","E",26,"F","southwest","b2",5,"b2-southwest","round4"
"510","1-GN-F-F","1","GN","F",12,"F","southwest","b2",5,"b2-southwest","round4"
"511","2-AX-A-F","2","AX","A",0,"F","northeast","aori",1,"aori-northeast","round4"
"512","2-AX-B-F","2","AX","B",7,"F","northeast","aori",1,"aori-northeast","round4"
"513","2-AX-C-F","2","AX","C",3,"F","northeast","aori",1,"aori-northeast","round4"
"514","2-GN-D-F","2","GN","D",5,"F","northeast","aori",1,"aori-northeast","round4"
"515","2-GN-E-F","2","GN","E",0,"F","northeast","aori",1,"aori-northeast","round4"
"516","2-GN-F-F","2","GN","F",1,"F","northeast","aori",1,"aori-northeast","round4"
"517","3-AX-A-F","3","AX","A",18,"F","southwest","t2",5,"t2-southwest","round4"
"518","3-AX-B-F","3","AX","B",0,"F","southwest","t2",5,"t2-southwest","round4"
"519","3-AX-C-F","3","AX","C",34,"F","southwest","t2",5,"t2-southwest","round4"
"520","3-GN-D-F","3","GN","D",26,"F","southwest","t2",5,"t2-southwest","round4"
"521","3-GN-E-F","3","GN","E",27,"F","southwest","t2",5,"t2-southwest","round4"
"522","3-GN-F-F","3","GN","F",10,"F","southwest","t2",5,"t2-southwest","round4"
"523","4-AX-A-F","4","AX","A",0,"F","northeast","b2",1,"b2-northeast","round4"
"524","4-AX-B-F","4","AX","B",0,"F","northeast","b2",1,"b2-northeast","round4"
"525","4-AX-C-F","4","AX","C",4,"F","northeast","b2",1,"b2-northeast","round4"
"526","4-GN-D-F","4","GN","D",1,"F","northeast","b2",1,"b2-northeast","round4"
"527","4-GN-E-F","4","GN","E",9,"F","northeast","b2",1,"b2-northeast","round4"
"528","4-GN-F-F","4","GN","F",40,"F","northeast","b2",1,"b2-northeast","round4"
"529","5-AX-A-F","5","AX","A",10,"F","southwest","aori",5,"aori-southwest","round4"
"530","5-AX-B-F","5","AX","B",20,"F","southwest","aori",5,"aori-southwest","round4"
"531","5-AX-C-F","5","AX","C",11,"F","southwest","aori",5,"aori-southwest","round4"
"532","5-GN-D-F","5","GN","D",NA,"F","southwest","aori",5,"aori-southwest","round4"
"533","5-GN-E-F","5","GN","E",38,"F","southwest","aori",5,"aori-southwest","round4"
"534","5-GN-F-F","5","GN","F",15,"F","southwest","aori",5,"aori-southwest","round4"
"535","6-AX-A-F","6","AX","A",0,"F","northeast","b2",2,"b2-northeast","round4"
"536","6-AX-B-F","6","AX","B",8,"F","northeast","b2",2,"b2-northeast","round4"
"537","6-AX-C-F","6","AX","C",22,"F","northeast","b2",2,"b2-northeast","round4"
"538","6-GN-D-F","6","GN","D",22,"F","northeast","b2",2,"b2-northeast","round4"
"539","6-GN-E-F","6","GN","E",20,"F","northeast","b2",2,"b2-northeast","round4"
"540","6-GN-F-F","6","GN","F",0,"F","northeast","b2",2,"b2-northeast","round4"
"541","7-AX-A-F","7","AX","A",0,"F","southwest","aori",6,"aori-southwest","round4"
"542","7-AX-B-F","7","AX","B",0,"F","southwest","aori",6,"aori-southwest","round4"
"543","7-AX-C-F","7","AX","C",0,"F","southwest","aori",6,"aori-southwest","round4"
"544","7-GN-D-F","7","GN","D",1,"F","southwest","aori",6,"aori-southwest","round4"
"545","7-GN-E-F","7","GN","E",42,"F","southwest","aori",6,"aori-southwest","round4"
"546","7-GN-F-F","7","GN","F",35,"F","southwest","aori",6,"aori-southwest","round4"
"547","8-AX-A-F","8","AX","A",16,"F","northeast","b2",3,"b2-northeast","round4"
"548","8-AX-B-F","8","AX","B",16,"F","northeast","b2",3,"b2-northeast","round4"
"549","8-AX-C-F","8","AX","C",4,"F","northeast","b2",3,"b2-northeast","round4"
"550","8-GN-D-F","8","GN","D",3,"F","northeast","b2",3,"b2-northeast","round4"
"551","8-GN-E-F","8","GN","E",27,"F","northeast","b2",3,"b2-northeast","round4"
"552","8-GN-F-F","8","GN","F",28,"F","northeast","b2",3,"b2-northeast","round4"
"553","9-AX-A-F","9","AX","A",0,"F","southwest","t2",6,"t2-southwest","round4"
"554","9-AX-B-F","9","AX","B",9,"F","southwest","t2",6,"t2-southwest","round4"
"555","9-AX-C-F","9","AX","C",17,"F","southwest","t2",6,"t2-southwest","round4"
"556","9-GN-D-F","9","GN","D",37,"F","southwest","t2",6,"t2-southwest","round4"
"557","9-GN-E-F","9","GN","E",6,"F","southwest","t2",6,"t2-southwest","round4"
"558","9-GN-F-F","9","GN","F",0,"F","southwest","t2",6,"t2-southwest","round4"
"559","10-AX-A-F","10","AX","A",22,"F","northeast","aori",2,"aori-northeast","round4"
"560","10-AX-B-F","10","AX","B",9,"F","northeast","aori",2,"aori-northeast","round4"
"561","10-AX-C-F","10","AX","C",33,"F","northeast","aori",2,"aori-northeast","round4"
"562","10-GN-D-F","10","GN","D",23,"F","northeast","aori",2,"aori-northeast","round4"
"563","10-GN-E-F","10","GN","E",47,"F","northeast","aori",2,"aori-northeast","round4"
"564","10-GN-F-F","10","GN","F",57,"F","northeast","aori",2,"aori-northeast","round4"
"565","11-AX-A-F","11","AX","A",16,"F","southwest","b2",6,"b2-southwest","round4"
"566","11-AX-B-F","11","AX","B",22,"F","southwest","b2",6,"b2-southwest","round4"
"567","11-AX-C-F","11","AX","C",11,"F","southwest","b2",6,"b2-southwest","round4"
"568","11-GN-D-F","11","GN","D",57,"F","southwest","b2",6,"b2-southwest","round4"
"569","11-GN-E-F","11","GN","E",39,"F","southwest","b2",6,"b2-southwest","round4"
"570","11-GN-F-F","11","GN","F",28,"F","southwest","b2",6,"b2-southwest","round4"
"571","12-AX-A-F","12","AX","A",33,"F","northeast","aori",3,"aori-northeast","round4"
"572","12-AX-B-F","12","AX","B",13,"F","northeast","aori",3,"aori-northeast","round4"
"573","12-AX-C-F","12","AX","C",0,"F","northeast","aori",3,"aori-northeast","round4"
"574","12-GN-D-F","12","GN","D",35,"F","northeast","aori",3,"aori-northeast","round4"
"575","12-GN-E-F","12","GN","E",42,"F","northeast","aori",3,"aori-northeast","round4"
"576","12-GN-F-F","12","GN","F",20,"F","northeast","aori",3,"aori-northeast","round4"
"577","13-AX-A-F","13","AX","A",3,"F","southwest","t2",7,"t2-southwest","round4"
"578","13-AX-B-F","13","AX","B",5,"F","southwest","t2",7,"t2-southwest","round4"
"579","13-AX-C-F","13","AX","C",11,"F","southwest","t2",7,"t2-southwest","round4"
"580","13-GN-D-F","13","GN","D",31,"F","southwest","t2",7,"t2-southwest","round4"
"581","13-GN-E-F","13","GN","E",42,"F","southwest","t2",7,"t2-southwest","round4"
"582","13-GN-F-F","13","GN","F",5,"F","southwest","t2",7,"t2-southwest","round4"
"583","14-AX-A-F","14","AX","A",0,"F","northeast","b2",4,"b2-northeast","round4"
"584","14-AX-B-F","14","AX","B",1,"F","northeast","b2",4,"b2-northeast","round4"
"585","14-AX-C-F","14","AX","C",1,"F","northeast","b2",4,"b2-northeast","round4"
"586","14-GN-D-F","14","GN","D",19,"F","northeast","b2",4,"b2-northeast","round4"
"587","14-GN-E-F","14","GN","E",42,"F","northeast","b2",4,"b2-northeast","round4"
"588","14-GN-F-F","14","GN","F",14,"F","northeast","b2",4,"b2-northeast","round4"
"589","15-AX-A-F","15","AX","A",0,"F","southwest","aori",7,"aori-southwest","round4"
"590","15-AX-B-F","15","AX","B",0,"F","southwest","aori",7,"aori-southwest","round4"
"591","15-AX-C-F","15","AX","C",12,"F","southwest","aori",7,"aori-southwest","round4"
"592","15-GN-D-F","15","GN","D",42,"F","southwest","aori",7,"aori-southwest","round4"
"593","15-GN-E-F","15","GN","E",0,"F","southwest","aori",7,"aori-southwest","round4"
"594","15-GN-F-F","15","GN","F",26,"F","southwest","aori",7,"aori-southwest","round4"
"595","1-AX-A-G","1","AX","A",3,"G","southwest","b2",5,"b2-southwest","round4"
"596","1-AX-B-G","1","AX","B",5,"G","southwest","b2",5,"b2-southwest","round4"
"597","1-AX-C-G","1","AX","C",0,"G","southwest","b2",5,"b2-southwest","round4"
"598","1-GN-D-G","1","GN","D",20,"G","southwest","b2",5,"b2-southwest","round4"
"599","1-GN-E-G","1","GN","E",15,"G","southwest","b2",5,"b2-southwest","round4"
"600","1-GN-F-G","1","GN","F",20,"G","southwest","b2",5,"b2-southwest","round4"
"601","10-AX-A-G","10","AX","A",0,"G","northeast","aori",2,"aori-northeast","round4"
"602","10-AX-B-G","10","AX","B",40,"G","northeast","aori",2,"aori-northeast","round4"
"603","10-AX-C-G","10","AX","C",0,"G","northeast","aori",2,"aori-northeast","round4"
"604","10-GN-D-G","10","GN","D",35,"G","northeast","aori",2,"aori-northeast","round4"
"605","10-GN-E-G","10","GN","E",0,"G","northeast","aori",2,"aori-northeast","round4"
"606","10-GN-F-G","10","GN","F",28,"G","northeast","aori",2,"aori-northeast","round4"
"607","11-AX-A-G","11","AX","A",24,"G","southwest","b2",6,"b2-southwest","round4"
"608","11-AX-B-G","11","AX","B",8,"G","southwest","b2",6,"b2-southwest","round4"
"609","11-AX-C-G","11","AX","C",0,"G","southwest","b2",6,"b2-southwest","round4"
"610","11-GN-D-G","11","GN","D",0,"G","southwest","b2",6,"b2-southwest","round4"
"611","11-GN-E-G","11","GN","E",36,"G","southwest","b2",6,"b2-southwest","round4"
"612","11-GN-F-G","11","GN","F",0,"G","southwest","b2",6,"b2-southwest","round4"
"613","12-AX-A-G","12","AX","A",36,"G","northeast","aori",3,"aori-northeast","round4"
"614","12-AX-B-G","12","AX","B",0,"G","northeast","aori",3,"aori-northeast","round4"
"615","12-AX-C-G","12","AX","C",21,"G","northeast","aori",3,"aori-northeast","round4"
"616","12-GN-D-G","12","GN","D",61,"G","northeast","aori",3,"aori-northeast","round4"
"617","12-GN-E-G","12","GN","E",25,"G","northeast","aori",3,"aori-northeast","round4"
"618","12-GN-F-G","12","GN","F",1,"G","northeast","aori",3,"aori-northeast","round4"
"619","13-AX-A-G","13","AX","A",0,"G","southwest","t2",7,"t2-southwest","round4"
"620","13-AX-B-G","13","AX","B",NA,"G","southwest","t2",7,"t2-southwest","round4"
"621","13-AX-C-G","13","AX","C",NA,"G","southwest","t2",7,"t2-southwest","round4"
"622","13-GN-D-G","13","GN","D",0,"G","southwest","t2",7,"t2-southwest","round4"
"623","13-GN-E-G","13","GN","E",NA,"G","southwest","t2",7,"t2-southwest","round4"
"624","13-GN-F-G","13","GN","F",NA,"G","southwest","t2",7,"t2-southwest","round4"
"625","14-AX-A-G","14","AX","A",16,"G","northeast","b2",4,"b2-northeast","round4"
"626","14-AX-B-G","14","AX","B",19,"G","northeast","b2",4,"b2-northeast","round4"
"627","14-AX-C-G","14","AX","C",9,"G","northeast","b2",4,"b2-northeast","round4"
"628","14-GN-D-G","14","GN","D",14,"G","northeast","b2",4,"b2-northeast","round4"
"629","14-GN-E-G","14","GN","E",9,"G","northeast","b2",4,"b2-northeast","round4"
"630","14-GN-F-G","14","GN","F",23,"G","northeast","b2",4,"b2-northeast","round4"
"631","15-AX-A-G","15","AX","A",19,"G","southwest","aori",7,"aori-southwest","round4"
"632","15-AX-B-G","15","AX","B",18,"G","southwest","aori",7,"aori-southwest","round4"
"633","15-AX-C-G","15","AX","C",0,"G","southwest","aori",7,"aori-southwest","round4"
"634","15-GN-D-G","15","GN","D",42,"G","southwest","aori",7,"aori-southwest","round4"
"635","15-GN-E-G","15","GN","E",28,"G","southwest","aori",7,"aori-southwest","round4"
"636","15-GN-F-G","15","GN","F",36,"G","southwest","aori",7,"aori-southwest","round4"
"637","2-AX-A-G","2","AX","A",0,"G","northeast","aori",1,"aori-northeast","round4"
"638","2-AX-B-G","2","AX","B",8,"G","northeast","aori",1,"aori-northeast","round4"
"639","2-AX-C-G","2","AX","C",1,"G","northeast","aori",1,"aori-northeast","round4"
"640","2-GN-D-G","2","GN","D",3,"G","northeast","aori",1,"aori-northeast","round4"
"641","2-GN-E-G","2","GN","E",0,"G","northeast","aori",1,"aori-northeast","round4"
"642","2-GN-F-G","2","GN","F",11,"G","northeast","aori",1,"aori-northeast","round4"
"643","3-AX-A-G","3","AX","A",6,"G","southwest","t2",5,"t2-southwest","round4"
"644","3-AX-B-G","3","AX","B",15,"G","southwest","t2",5,"t2-southwest","round4"
"645","3-AX-C-G","3","AX","C",0,"G","southwest","t2",5,"t2-southwest","round4"
"646","3-GN-D-G","3","GN","D",0,"G","southwest","t2",5,"t2-southwest","round4"
"647","3-GN-E-G","3","GN","E",33,"G","southwest","t2",5,"t2-southwest","round4"
"648","3-GN-F-G","3","GN","F",31,"G","southwest","t2",5,"t2-southwest","round4"
"649","4-AX-A-G","4","AX","A",3,"G","northeast","b2",1,"b2-northeast","round4"
"650","4-AX-B-G","4","AX","B",0,"G","northeast","b2",1,"b2-northeast","round4"
"651","4-AX-C-G","4","AX","C",6,"G","northeast","b2",1,"b2-northeast","round4"
"652","4-GN-D-G","4","GN","D",44,"G","northeast","b2",1,"b2-northeast","round4"
"653","4-GN-E-G","4","GN","E",66,"G","northeast","b2",1,"b2-northeast","round4"
"654","4-GN-F-G","4","GN","F",12,"G","northeast","b2",1,"b2-northeast","round4"
"655","5-AX-A-G","5","AX","A",0,"G","southwest","aori",5,"aori-southwest","round4"
"656","5-AX-B-G","5","AX","B",1,"G","southwest","aori",5,"aori-southwest","round4"
"657","5-AX-C-G","5","AX","C",0,"G","southwest","aori",5,"aori-southwest","round4"
"658","5-GN-D-G","5","GN","D",26,"G","southwest","aori",5,"aori-southwest","round4"
"659","5-GN-E-G","5","GN","E",23,"G","southwest","aori",5,"aori-southwest","round4"
"660","5-GN-F-G","5","GN","F",22,"G","southwest","aori",5,"aori-southwest","round4"
"661","6-AX-A-G","6","AX","A",11,"G","northeast","b2",2,"b2-northeast","round4"
"662","6-AX-B-G","6","AX","B",0,"G","northeast","b2",2,"b2-northeast","round4"
"663","6-AX-C-G","6","AX","C",15,"G","northeast","b2",2,"b2-northeast","round4"
"664","6-GN-D-G","6","GN","D",8,"G","northeast","b2",2,"b2-northeast","round4"
"665","6-GN-E-G","6","GN","E",28,"G","northeast","b2",2,"b2-northeast","round4"
"666","6-GN-F-G","6","GN","F",10,"G","northeast","b2",2,"b2-northeast","round4"
"667","7-AX-A-G","7","AX","A",2,"G","southwest","aori",6,"aori-southwest","round4"
"668","7-AX-B-G","7","AX","B",17,"G","southwest","aori",6,"aori-southwest","round4"
"669","7-AX-C-G","7","AX","C",1,"G","southwest","aori",6,"aori-southwest","round4"
"670","7-GN-D-G","7","GN","D",8,"G","southwest","aori",6,"aori-southwest","round4"
"671","7-GN-E-G","7","GN","E",25,"G","southwest","aori",6,"aori-southwest","round4"
"672","7-GN-F-G","7","GN","F",0,"G","southwest","aori",6,"aori-southwest","round4"
"673","8-AX-A-G","8","AX","A",1,"G","northeast","b2",3,"b2-northeast","round4"
"674","8-AX-B-G","8","AX","B",1,"G","northeast","b2",3,"b2-northeast","round4"
"675","8-AX-C-G","8","AX","C",23,"G","northeast","b2",3,"b2-northeast","round4"
"676","8-GN-D-G","8","GN","D",65,"G","northeast","b2",3,"b2-northeast","round4"
"677","8-GN-E-G","8","GN","E",34,"G","northeast","b2",3,"b2-northeast","round4"
"678","8-GN-F-G","8","GN","F",0,"G","northeast","b2",3,"b2-northeast","round4"
"679","9-AX-A-G","9","AX","A",18,"G","southwest","t2",6,"t2-southwest","round4"
"680","9-AX-B-G","9","AX","B",0,"G","southwest","t2",6,"t2-southwest","round4"
"681","9-AX-C-G","9","AX","C",0,"G","southwest","t2",6,"t2-southwest","round4"
"682","9-GN-D-G","9","GN","D",1,"G","southwest","t2",6,"t2-southwest","round4"
"683","9-GN-E-G","9","GN","E",28,"G","southwest","t2",6,"t2-southwest","round4"
"684","9-GN-F-G","9","GN","F",33,"G","southwest","t2",6,"t2-southwest","round4"
"685","1-AX-A-H","1","AX","A",22,"H","southwest","b2",5,"b2-southwest","round4"
"686","1-AX-B-H","1","AX","B",7,"H","southwest","b2",5,"b2-southwest","round4"
"687","1-AX-C-H","1","AX","C",13,"H","southwest","b2",5,"b2-southwest","round4"
"688","1-GN-D-H","1","GN","D",22,"H","southwest","b2",5,"b2-southwest","round4"
"689","1-GN-E-H","1","GN","E",19,"H","southwest","b2",5,"b2-southwest","round4"
"690","1-GN-F-H","1","GN","F",19,"H","southwest","b2",5,"b2-southwest","round4"
"691","10-AX-A-H","10","AX","A",6,"H","northeast","aori",2,"aori-northeast","round4"
"692","10-AX-B-H","10","AX","B",12,"H","northeast","aori",2,"aori-northeast","round4"
"693","10-AX-C-H","10","AX","C",NA,"H","northeast","aori",2,"aori-northeast","round4"
"694","10-GN-D-H","10","GN","D",16,"H","northeast","aori",2,"aori-northeast","round4"
"695","10-GN-E-H","10","GN","E",43,"H","northeast","aori",2,"aori-northeast","round4"
"696","10-GN-F-H","10","GN","F",NA,"H","northeast","aori",2,"aori-northeast","round4"
"697","11-AX-A-H","11","AX","A",0,"H","southwest","b2",6,"b2-southwest","round4"
"698","11-AX-B-H","11","AX","B",13,"H","southwest","b2",6,"b2-southwest","round4"
"699","11-AX-C-H","11","AX","C",31,"H","southwest","b2",6,"b2-southwest","round4"
"700","11-GN-D-H","11","GN","D",51,"H","southwest","b2",6,"b2-southwest","round4"
"701","11-GN-E-H","11","GN","E",0,"H","southwest","b2",6,"b2-southwest","round4"
"702","11-GN-F-H","11","GN","F",38,"H","southwest","b2",6,"b2-southwest","round4"
"703","12-AX-A-H","12","AX","A",1,"H","northeast","aori",3,"aori-northeast","round4"
"704","12-AX-B-H","12","AX","B",6,"H","northeast","aori",3,"aori-northeast","round4"
"705","12-AX-C-H","12","AX","C",21,"H","northeast","aori",3,"aori-northeast","round4"
"706","12-GN-D-H","12","GN","D",31,"H","northeast","aori",3,"aori-northeast","round4"
"707","12-GN-E-H","12","GN","E",7,"H","northeast","aori",3,"aori-northeast","round4"
"708","12-GN-F-H","12","GN","F",20,"H","northeast","aori",3,"aori-northeast","round4"
"709","13-AX-A-H","13","AX","A",30,"H","southwest","t2",7,"t2-southwest","round4"
"710","13-AX-B-H","13","AX","B",NA,"H","southwest","t2",7,"t2-southwest","round4"
"711","13-AX-C-H","13","AX","C",NA,"H","southwest","t2",7,"t2-southwest","round4"
"712","13-GN-D-H","13","GN","D",0,"H","southwest","t2",7,"t2-southwest","round4"
"713","13-GN-E-H","13","GN","E",NA,"H","southwest","t2",7,"t2-southwest","round4"
"714","13-GN-F-H","13","GN","F",NA,"H","southwest","t2",7,"t2-southwest","round4"
"715","14-AX-A-H","14","AX","A",4,"H","northeast","b2",4,"b2-northeast","round4"
"716","14-AX-B-H","14","AX","B",15,"H","northeast","b2",4,"b2-northeast","round4"
"717","14-AX-C-H","14","AX","C",0,"H","northeast","b2",4,"b2-northeast","round4"
"718","14-GN-D-H","14","GN","D",25,"H","northeast","b2",4,"b2-northeast","round4"
"719","14-GN-E-H","14","GN","E",20,"H","northeast","b2",4,"b2-northeast","round4"
"720","14-GN-F-H","14","GN","F",22,"H","northeast","b2",4,"b2-northeast","round4"
"721","15-AX-A-H","15","AX","A",0,"H","southwest","aori",7,"aori-southwest","round4"
"722","15-AX-B-H","15","AX","B",3,"H","southwest","aori",7,"aori-southwest","round4"
"723","15-AX-C-H","15","AX","C",0,"H","southwest","aori",7,"aori-southwest","round4"
"724","15-GN-D-H","15","GN","D",1,"H","southwest","aori",7,"aori-southwest","round4"
"725","15-GN-E-H","15","GN","E",15,"H","southwest","aori",7,"aori-southwest","round4"
"726","15-GN-F-H","15","GN","F",25,"H","southwest","aori",7,"aori-southwest","round4"
"727","2-AX-A-H","2","AX","A",2,"H","northeast","aori",1,"aori-northeast","round4"
"728","2-AX-B-H","2","AX","B",0,"H","northeast","aori",1,"aori-northeast","round4"
"729","2-AX-C-H","2","AX","C",NA,"H","northeast","aori",1,"aori-northeast","round4"
"730","2-GN-D-H","2","GN","D",5,"H","northeast","aori",1,"aori-northeast","round4"
"731","2-GN-E-H","2","GN","E",0,"H","northeast","aori",1,"aori-northeast","round4"
"732","2-GN-F-H","2","GN","F",21,"H","northeast","aori",1,"aori-northeast","round4"
"733","3-AX-A-H","3","AX","A",0,"H","southwest","t2",5,"t2-southwest","round4"
"734","3-AX-B-H","3","AX","B",NA,"H","southwest","t2",5,"t2-southwest","round4"
"735","3-AX-C-H","3","AX","C",NA,"H","southwest","t2",5,"t2-southwest","round4"
"736","3-GN-D-H","3","GN","D",0,"H","southwest","t2",5,"t2-southwest","round4"
"737","3-GN-E-H","3","GN","E",NA,"H","southwest","t2",5,"t2-southwest","round4"
"738","3-GN-F-H","3","GN","F",NA,"H","southwest","t2",5,"t2-southwest","round4"
"739","4-AX-A-H","4","AX","A",23,"H","northeast","b2",1,"b2-northeast","round4"
"740","4-AX-B-H","4","AX","B",11,"H","northeast","b2",1,"b2-northeast","round4"
"741","4-AX-C-H","4","AX","C",1,"H","northeast","b2",1,"b2-northeast","round4"
"742","4-GN-D-H","4","GN","D",0,"H","northeast","b2",1,"b2-northeast","round4"
"743","4-GN-E-H","4","GN","E",26,"H","northeast","b2",1,"b2-northeast","round4"
"744","4-GN-F-H","4","GN","F",1,"H","northeast","b2",1,"b2-northeast","round4"
"745","5-AX-A-H","5","AX","A",65,"H","southwest","aori",5,"aori-southwest","round4"
"746","5-AX-B-H","5","AX","B",1,"H","southwest","aori",5,"aori-southwest","round4"
"747","5-AX-C-H","5","AX","C",5,"H","southwest","aori",5,"aori-southwest","round4"
"748","5-GN-D-H","5","GN","D",9,"H","southwest","aori",5,"aori-southwest","round4"
"749","5-GN-E-H","5","GN","E",0,"H","southwest","aori",5,"aori-southwest","round4"
"750","5-GN-F-H","5","GN","F",19,"H","southwest","aori",5,"aori-southwest","round4"
"751","6-AX-A-H","6","AX","A",5,"H","northeast","b2",2,"b2-northeast","round4"
"752","6-AX-B-H","6","AX","B",10,"H","northeast","b2",2,"b2-northeast","round4"
"753","6-AX-C-H","6","AX","C",7,"H","northeast","b2",2,"b2-northeast","round4"
"754","6-GN-D-H","6","GN","D",32,"H","northeast","b2",2,"b2-northeast","round4"
"755","6-GN-E-H","6","GN","E",38,"H","northeast","b2",2,"b2-northeast","round4"
"756","6-GN-F-H","6","GN","F",17,"H","northeast","b2",2,"b2-northeast","round4"
"757","7-AX-A-H","7","AX","A",0,"H","southwest","aori",6,"aori-southwest","round4"
"758","7-AX-B-H","7","AX","B",0,"H","southwest","aori",6,"aori-southwest","round4"
"759","7-AX-C-H","7","AX","C",0,"H","southwest","aori",6,"aori-southwest","round4"
"760","7-GN-D-H","7","GN","D",10,"H","southwest","aori",6,"aori-southwest","round4"
"761","7-GN-E-H","7","GN","E",21,"H","southwest","aori",6,"aori-southwest","round4"
"762","7-GN-F-H","7","GN","F",7,"H","southwest","aori",6,"aori-southwest","round4"
"763","8-AX-A-H","8","AX","A",1,"H","northeast","b2",3,"b2-northeast","round4"
"764","8-AX-B-H","8","AX","B",0,"H","northeast","b2",3,"b2-northeast","round4"
"765","8-AX-C-H","8","AX","C",13,"H","northeast","b2",3,"b2-northeast","round4"
"766","8-GN-D-H","8","GN","D",0,"H","northeast","b2",3,"b2-northeast","round4"
"767","8-GN-E-H","8","GN","E",1,"H","northeast","b2",3,"b2-northeast","round4"
"768","8-GN-F-H","8","GN","F",1,"H","northeast","b2",3,"b2-northeast","round4"
"769","9-AX-A-H","9","AX","A",0,"H","southwest","t2",6,"t2-southwest","round4"
"770","9-AX-B-H","9","AX","B",0,"H","southwest","t2",6,"t2-southwest","round4"
"771","9-AX-C-H","9","AX","C",7,"H","southwest","t2",6,"t2-southwest","round4"
"772","9-GN-D-H","9","GN","D",18,"H","southwest","t2",6,"t2-southwest","round4"
"773","9-GN-E-H","9","GN","E",13,"H","southwest","t2",6,"t2-southwest","round4"
"774","9-GN-F-H","9","GN","F",13,"H","southwest","t2",6,"t2-southwest","round4"
